Timestamp,Feed_Water_Tank_Level_(50 to 70%),Feed_Water_Tank_Temperature_(102 to 105 C),Feed_Water_Tank_Pressure_(<0.5 kg/cm2),Boiler1_Level_Guage_(40-50%),Boiler1_Drum_Steam_Pressure,Boiler1_Modulation_%,Boiler1_F.D_FAN_AIR_Temperature_(OUTLET_TEMPERATURE),BOILER1_A.P.H_FLUE_GAS_OUTLET_TEMPERATURE_(<300 C),BOILER1_A.P.H_FLUE_GAS_INLET_TEMPERATURE_(<150 C),BOILER1_A.P.H_FLUE_GAS_O2_%,Chimney_Temperature_C,NG_CV_kcal_per_Nm3,SoftWater_pH,SoftWater_Hardness_ppm,Feed_Water_Temp_C,Feed_Water_Conductivity_uScm,Feed_Water_pH,Feed_Water_DO_ppm,Boiler1Water_TDS_ppm,Boiler1Water_Conductivity_uScm,Boiler1Water_pH,Boiler1_Capacity_TPH
01-09-2025 07:00,60,102,0.3,49,15,57,101,231,163,5.2,162,9450,7.2,0,103.9,54,8.78,0.07,2215,3820,11.72,14
01-09-2025 09:00,60,102,0.2,48,14.2,90,105,241,176,5.2,163,9450,7.2,0,103.9,55,8.78,0.07,2180,3760,11.7,14
01-09-2025 11:00,60,102,0.3,49,15,63,106,234,167,5.2,160,9450,7.2,0,103.9,58,8.78,0.07,2250,3880,11.72,14
01-09-2025 13:00,60,102,0.3,48,15,64,106,235,168,5.2,160,9450,7.2,0,103.9,45,8.78,0.07,2262,3900,11.75,14
01-09-2025 15:00,60,102,0.3,48,15,54,106,230,164,5,159,9450,7.2,0,103.9,40,8.78,0.07,2244,3870,11.72,14
01-09-2025 17:00,60,102,0.3,49,15,61,107,235,169,5,163,9450,7.2,0,103.9,52,8.78,0.07,2273,3920,11.7,14
01-09-2025 19:00,60,102,0.3,49,15,56,106,234,167,5,160,9450,7.2,0,103.9,55,8.78,0.07,2262,3900,11.71,14
01-09-2025 21:00,60,102,0.3,48,15,52,105,232,165,5,157,9450,7.2,0,103.9,51,8.78,0.07,2256,3890,11.71,14
01-09-2025 23:00,59,102,0.2,49,15,60,105,236,169,4.9,157,9450,7.1,0,103.9,71,8.72,0.08,2262,3900,11.71,14
02-09-2025 01:00,60,102,0.2,49,15,55,103,232,166,4.9,156,9450,7.1,0,103.9,66,8.72,0.08,2314,3990,11.68,14
02-09-2025 03:00,60,102,0.2,47,14.9,79,104,242,175,4.9,158,9450,7.1,0,103.9,54,8.72,0.08,2331,4020,11.74,14
02-09-2025 05:00,60,102,0.3,49,15,62,104,237,170,4.9,163,9450,7.1,0,103.9,75,8.72,0.05,2378,4100,11.72,14
02-09-2025 07:00,60,102,0.3,48,14.9,67,102,237,168,4.8,159,9450,7.3,0,103.9,66,8.76,0.06,2156,3789,11.85,14
02-09-2025 09:00,60,102,0.2,48,15,65,105,236,170,4.8,162,9450,7.3,0,103.9,52,8.76,0.06,2250,3885,11.47,14
02-09-2025 11:00,60,102,0.3,49,15,61,107,233,168,4.8,159,9450,7.2,0,103.9,55,8.76,0.06,2351,3854,11.71,14
02-09-2025 13:00,60,102,0.3,48,15,60,107,235,169,4.8,163,9450,7,0,103.9,58,8.76,0.05,2321,3929,11.72,14
02-09-2025 15:00,60,102,0.3,49,15,66,103,237,169,5.2,162,9450,7.2,0,103.9,54,8.72,0.04,2346,3785,11.71,14
02-09-2025 17:00,60,102,0.3,48,15,60,103,235,167,5.2,160,9450,7.2,0,103.9,48,8.72,0.05,2315,3885,11.71,14
02-09-2025 19:00,60,102,0.3,49,15,59,104,235,168,5.2,157,9450,7.2,0,103.9,56,8.72,0.05,2156,3859,11.71,14
02-09-2025 21:00,60,102,0.3,49,15,61,104,234,167,5.2,157,9450,7.1,0,103.9,65,8.72,0.07,2289,3846,11.77,14
02-09-2025 23:00,60,102,0.2,48,14.9,53,103,230,162,5.2,158,9450,7.1,0,103.9,70,8.74,0.07,2275,3952,11.76,14
03-09-2025 01:00,60,102,0.2,49,15,74,103,241,174,5.2,161,9450,7.1,0,103.9,59,8.74,0.07,2256,4025,11.72,14
03-09-2025 03:00,60,102,0.2,49,15,60,104,235,168,5.2,159,9450,7,0,103.9,52,8.74,0.07,2222,3860,11.71,14
03-09-2025 05:00,60,102,0.3,49,15,58,103,233,166,5.2,159,9450,7.2,0,103.9,61,8.74,0.06,2325,3945,11.84,14
03-09-2025 07:00,60,102,0.3,49,15,55,104,231,164,4.8,164,9450,7.2,0,103.9,54,8.78,0.07,2356,3994,11.72,14
03-09-2025 09:00,60,102,0.3,48,15,54,105,232,165,4.8,165,9450,7.2,0,103.9,59,8.78,0.07,2321,3846,11.72,14
03-09-2025 11:00,60,102,0.3,48,15,58,107,233,167,4.8,167,9450,7.2,0,103.9,52,8.78,0.07,2153,3954,11.84,14
03-09-2025 13:00,60,102,0.3,49,15,60,108,232,166,4.8,166,9450,7.2,0,103.9,49,8.78,0.07,2254,3795,11.77,14
03-09-2025 15:00,60,102,0.3,49,15,64,109,236,172,5,172,9450,7.1,0,103.9,59,8.77,0.07,2354,4152,11.47,14
03-09-2025 17:00,60,102,0.3,48,15,62,109,235,171,5,171,9450,7.2,0,103.9,63,8.75,0.07,2287,4120,11.68,14
03-09-2025 19:00,60,102,0.3,49,15,55,108,231,166,5,166,9450,7.2,0,103.9,69,8.76,0.05,2295,3965,11.85,14
03-09-2025 21:00,60,102,0.3,49,15,53,106,230,164,5,164,9450,7.1,0,103.9,75,8.76,0.06,2212,3789,11.72,14
03-09-2025 23:00,60,102,0.3,47,15,66,107,237,165,4.8,165,9450,7.1,0,103.9,52,8.76,0.05,2264,3864,11.71,14
04-09-2025 01:00,60,102,0.3,49,14.9,55,105,229,163,4.8,163,9450,7.1,0,103.9,58,8.74,0.06,2354,4026,11.85,14
04-09-2025 03:00,60,102,0.3,49,15,59,107,234,168,4.8,168,9450,7.1,0,103.9,51,8.74,0.06,2160,3932,11.76,14
04-09-2025 05:00,60,102,0.3,47,15,55,106,233,166,4.8,166,9450,7.3,0,103.9,54,8.73,0.06,2356,3791,11.72,14
04-09-2025 07:00,60,102,0.2,49,14.9,45,101,226,156,5.3,156,9450,7.1,0,103.9,65,8.77,0.05,2325,3760,11.72,14
04-09-2025 09:00,60,102,0.2,48,14.9,42,103,221,151,5.3,152,9450,7.1,0,103.9,70,8.79,0.05,2356,3880,11.7,14
04-09-2025 11:00,60,102,0.2,48,14.9,42,104,222,152,5.3,154,9450,7.1,0,103.9,59,8.76,0.07,2321,3900,11.72,14
04-09-2025 13:00,60,102,0.3,47,15,35,103,219,150,5.3,151,9450,7.1,0,103.9,52,8.76,0.05,2153,3870,11.75,14
04-09-2025 15:00,59,102,0.3,48,14.9,41,104,219,150,4.9,151,9450,7.2,0,103.9,49,8.76,0.06,2254,3920,11.72,14
04-09-2025 17:00,59,102,0.2,49,14.9,37,106,218,150,4.9,152,9450,7.2,0,103.9,44,8.75,0.06,2354,3846,11.7,14
04-09-2025 19:00,60,102,0.3,49,15,39,103,220,150,4.9,150,9450,7.1,0,103.9,40,8.74,0.06,2215,3954,11.71,14
04-09-2025 21:00,59,102,0.2,49,15,47,104,226,158,4.9,153,9450,7.3,0,103.9,42,8.74,0.05,2180,3847,11.75,14
04-09-2025 23:00,60,102,0.2,50,15,52,104,220,162,4.8,157,9450,7.1,0,103.9,55,8.73,0.05,2250,3807,11.79,14
05-09-2025 01:00,60,102,0.3,48,15,51,104,223,161,4.8,156,9450,7.2,0,103.9,52,8.79,0.04,2262,3831,11.74,14
05-09-2025 03:00,60,102,0.3,49,15,48,104,227,159,4.8,154,9450,7,0,103.9,65,8.73,0.07,2219,3820,11.75,14
05-09-2025 05:00,59,102,0.3,49,15,52,104,228,161,4.8,155,9450,7.1,0,103.9,66,8.72,0.06,2281,3854,11.81,14
05-09-2025 07:00,60,102,0.3,48,15,37,99,218,145,4.9,146,9450,7.3,0,103.9,56,8.78,0.07,2215,3820,11.72,14
05-09-2025 09:00,60,102,0.2,49,15,38,99,220,147,4.9,146,9450,7.2,0,103.9,54,8.78,0.07,2180,3760,11.7,14
05-09-2025 11:00,59,102,0.2,49,15,35,99,217,145,4.9,150,9450,7,0,103.9,52,8.78,0.07,2250,3880,11.72,14
05-09-2025 13:00,60,102,0.2,49,15,38,101,217,145,4.9,150,9450,7.2,0,103.9,45,8.72,0.07,2262,3900,11.75,14
05-09-2025 15:00,60,102,0.2,49,15,34,101,216,144,4.6,145,9450,7.2,0,103.9,65,8.72,0.06,2244,3870,11.72,14
05-09-2025 17:00,59,102,0.3,50,15,35,101,217,144,4.6,150,9450,7.2,0,103.9,41,8.72,0.06,2273,3920,11.7,14
05-09-2025 19:00,60,12,0.2,50,15,41,100,219,146,4.6,150,9450,7.1,0,103.9,56,8.72,0.06,2285,3900,11.71,14
05-09-2025 21:00,60,102,0.2,49,15,36,99,218,145,4.6,150,9450,7.1,0,103.9,54,8.76,0.07,2295,3890,11.71,14
05-09-2025 23:00,59,102,0.2,50,14.9,23,97,207,132,4.5,146,9450,7.7,0,103.9,55,8.76,0.08,2331,3900,11.71,14
06-09-2025 01:00,59,102,0.3,48,15,21,96,207,132,4.5,140,9450,7.3,0,103.9,58,8.69,0.08,2378,3990,11.68,14
06-09-2025 03:00,60,102,0.3,49,14.9,24,95,209,132,4.5,138,9450,7.2,0,103.9,45,8.95,0.08,2156,3795,11.75,14
06-09-2025 05:00,60,102,0.3,50,15,20,95,206,131,4.5,142,9450,7.2,0,103.9,40,8.7,0.05,2250,4152,11.85,14
06-09-2025 07:00,60,102,0.2,49,15,20,95,206,130,4.2,142,9450,7.2,0,103.9,52,8.9,0.05,2351,4120,11.75,14
06-09-2025 09:00,60,102,0.2,50,15,25,96,210,134,4.2,139,9450,7.1,0,103.9,55,8.85,0.05,2321,3965,11.72,14
06-09-2025 11:00,59,102,0.3,49,15,25,97,208,133,4.2,143,9450,7.1,0,103.9,51,8.69,0.05,2346,3789,11.71,14
06-09-2025 13:00,60,102,0.3,49,15,20,98,206,131,4.2,143,9450,7.1,0,103.9,71,8.75,0.06,2330,3895,11.65,14
06-09-2025 15:00,60,102,0.2,48,14.9,30,99,212,136,4.2,143,9450,7.3,0,103.9,52,8.78,0.07,2298,3955,11.55,14
06-09-2025 17:00,59,102,0.2,49,15,26,98,209,134,4.2,139,9450,7.4,0,103.9,56,8.84,0.07,2287,3994,11.98,14
06-09-2025 19:00,58,102,0.2,50,15,26,98,208,133,4.2,138,9450,7.4,0,103.9,57,8.81,0.05,2255,3846,11.85,14
06-09-2025 21:00,60,102,0.2,50,15,28,99,209,134,4.2,138,9450,7.4,0,103.9,58,8.94,0.08,2221,3846,11.75,14
06-09-2025 23:00,59,102,0.2,48,15,32,97,214,139,4.6,143,9450,7.4,0,103.9,54,9.1,0.05,2325,3852,11.56,14
07-09-2025 01:00,59,102,0.2,50,15,44,98,225,152,4.6,147,9450,7.2,0,103.9,51,8.9,0.09,2356,3871,11.55,14
07-09-2025 03:00,60,103,0.3,49,15,46,99,220,154,4.6,150,9450,7.2,0,103.9,62,8.6,0.04,2321,3865,11.85,14
07-09-2025 05:00,60,102,0.2,50,15,42,98,223,150,4.6,150,9450,7.2,0,103.9,64,8.6,0.07,2153,3915,11.85,14
07-09-2025 07:00,59,102,0.3,50,15,43,98,223,151,4.8,150,9450,7.1,0,103.9,42,8.78,0.06,2254,3726,11.85,14
07-09-2025 09:00,60,102,0.3,49,15,40,98,224,152,4.8,150,9450,7.1,0,103.9,56,8.98,0.06,2354,3895,11.47,14
07-09-2025 11:00,60,102,0.3,49,15,46,98,224,152,4.8,152,9450,7.1,0,103.9,68,8.75,0.05,2287,3789,11.71,14
07-09-2025 13:00,60,102,0.3,49,15,45,99,224,152,4.8,151,9450,7.1,0,103.9,52,8.76,0.04,2295,3885,11.72,14
07-09-2025 15:00,60,102,0.3,49,15,44,99,225,151,5.5,152,9450,7.3,0,103.9,72,8.78,0.05,2312,3959,11.71,14
07-09-2025 17:00,60,102,0.2,50,15,54,101,230,161,5.5,153,9450,7.2,0,103.9,56,8.76,0.05,2354,3900,11.72,14
07-09-2025 19:00,60,102,0.3,48,15,51,101,229,160,5.5,153,9450,7.1,0,103.9,62,8.74,0.07,2349,3870,11.75,14
07-09-2025 21:00,59,102,0.3,50,15,50,102,229,160,5.5,154,9450,7.2,0,103.9,54,8.73,0.07,2384,3920,11.72,14
07-09-2025 23:00,60,102,0.2,49,14.9,39,101,221,150,5,149,9450,7.2,0,103.9,56,8.79,0.07,2258,3846,11.7,14
08-09-2025 01:00,60,102,0.3,49,15,58,103,234,166,5,153,9450,7.4,0,103.9,55,8.73,0.07,2165,3954,11.71,14
08-09-2025 03:00,60,102,0.2,49,15,47,101,228,159,5,151,9450,7,0,103.9,58,8.72,0.05,2258,3847,11.75,14
08-09-2025 05:00,59,102,0.3,49,15,64,101,238,169,5,153,9450,7.3,0,103.9,51,8.78,0.06,2284,3807,11.79,14
08-09-2025 07:00,60,102,0.2,49,15,49,99,229,159,5.2,156,9450,6.9,0,103.9,54,8.79,0.04,2123,3885,11.76,14
08-09-2025 09:00,60,102,0.2,49,15,54,100,231,161,5.2,157,9450,7,0,103.9,55,8.79,0.06,2125,3876,11.76,14
08-09-2025 11:00,59,102,0.2,50,15,50,100,220,160,5.2,151,9450,7,0,103.9,58,8.79,0.06,2156,3854,11.77,14
08-09-2025 13:00,59,103,0.2,49,15,56,102,232,164,5.2,152,9450,7,0,103.9,45,8.78,0.03,2212,3869,11.75,14
08-09-2025 15:00,60,103,0.2,50,15,54,102,231,163,4.7,157,9450,7.1,0,103.9,40,8.77,0.05,2254,3851,11.76,14
08-09-2025 17:00,60,102,0.2,49,15,58,102,234,165,4.7,152,9450,7.1,0,103.9,52,8.78,0.05,2284,3845,11.54,14
08-09-2025 19:00,60,103,0.2,50,15,60,100,233,163,4.7,151,9450,7.2,0,103.9,55,8.78,0.05,2298,3851,11.85,14
08-09-2025 21:00,60,103,0.2,49,15,54,99,231,161,4.7,155,9450,7.3,0,103.9,51,8.77,0.06,2251,3867,11.85,14
08-09-2025 23:00,60,103,0.2,49,15,52,99,229,159,5.2,152,9450,7.2,0,103.9,71,8.76,0.05,2262,3812,11.54,14
09-09-2025 01:00,59,103,0.2,49,14.9,52,98,230,159,5.2,155,9450,7.2,0,103.9,65,8.74,0.05,2236,3821,11.65,14
09-09-2025 03:00,60,103,0.2,49,15,47,98,228,158,5.2,155,9450,7.1,0,103.9,62,8.78,0.05,2251,3831,11.81,14
09-09-2025 05:00,60,104,0.3,49,14.9,59,98,235,164,5.2,154,9450,7.1,0,103.9,61,8.78,0.05,2315,3881,11.7,14
09-09-2025 07:00,60,102,0.2,49,15,60,98,234,163,4.8,155,9450,7.1,0,103.9,55,8.88,0.07,2295,3861,11.47,14
09-09-2025 09:00,60,102,0.2,50,15,51,99,229,159,4.8,156,9450,7.3,0,103.9,59,8.85,0.07,2265,3920,11.72,14
09-09-2025 11:00,59,102,0.2,48,15.1,42,100,225,155,4.8,155,9450,7.2,0,103.9,57,8.82,0.07,2254,3846,11.72,14
09-09-2025 13:00,59,102,0.2,49,15,64,100,235,163,4.8,153,9450,7,0,103.9,52,8.79,0.07,2159,3954,11.84,14
09-09-2025 15:00,59,103,0.2,48,15,53,102,231,163,5,155,9450,7.1,0,103.9,58,8.75,0.07,2215,3795,11.77,14
09-09-2025 17:00,60,102,0.2,49,15,53,101,232,164,5,155,9450,7.1,0,103.9,42,8.69,0.07,2219,4152,11.47,14
09-09-2025 19:00,60,102,0.3,47,15,54,101,232,163,5,155,9450,7.1,0,103.9,40,8.68,0.07,2156,4120,11.68,14
09-09-2025 21:00,60,102,0.2,49,15,53,100,232,163,5,155,9450,7.3,0,103.9,69,8.68,0.05,2258,3965,11.85,14
09-09-2025 23:00,59,102,0.2,49,15,59,100,233,164,4.9,155,9450,7.3,0,103.9,75,8.71,0.06,2312,3789,11.72,14
10-09-2025 01:00,59,102,0.2,47,15,58,100,234,165,4.9,155,9450,7.2,0,103.9,52,8.72,0.07,2351,3864,11.71,14
10-09-2025 03:00,60,102,0.2,48,15,56,99,233,164,4.9,156,9450,7,0,103.9,58,8.69,0.05,2356,4026,11.85,14
10-09-2025 05:00,60,102,0.2,49,14.9,59,99,234,164,4.9,157,9450,7.2,0,103.9,51,8.95,0.06,2330,3932,11.76,14
10-09-2025 07:00,59,102,0.2,49,15,49,100,229,161,5.2,158,9450,7.2,0,103.9,54,8.76,0.07,2341,3791,11.72,14
10-09-2025 09:00,60,102,0.2,50,15,41,100,225,154,5.2,153,9450,7.2,0,103.9,65,8.54,0.07,2341,3760,11.72,14
10-09-2025 11:00,59,102,0.2,49,15,60,102,234,166,5.2,155,9450,7.1,0,103.9,70,8.85,0.06,2354,3880,11.7,14
10-09-2025 13:00,60,102,0.3,48,15.6,60,102,233,165,5.2,159,9450,7.1,0,103.9,59,8.76,0.06,2291,3900,11.72,14
10-09-2025 15:00,60,102,0.3,49,15,61,103,234,166,4.9,159,9450,7.1,0,103.9,61,8.76,0.05,2324,3870,11.75,14
10-09-2025 17:00,60,102,0.3,49,15,60,103,234,167,4.9,154,9450,7.1,0,103.9,61,8.69,0.05,2384,3920,11.72,14
10-09-2025 19:00,60,102,0.2,49,15,61,102,235,168,4.9,159,9450,7.3,0,103.9,69,8.55,0.07,2180,3846,11.7,14
10-09-2025 21:00,60,102,0.2,50,15,58,101,234,166,4.9,159,9450,7.2,0,103.9,65,8.69,0.07,2250,3954,11.71,14
10-09-2025 23:00,59,102,0.2,49,14.9,54,101,236,167,4.8,159,9450,7,0,103.9,52,8.72,0.07,2262,3847,11.75,14
11-09-2025 01:00,60,102,0.2,49,15,59,101,234,165,4.8,156,9450,7.1,0,103.9,51,8.72,0.07,2244,3807,11.79,14
11-09-2025 03:00,60,102,0.3,48,15,43,99,224,152,4.8,152,9450,7.1,0,103.9,55,8.72,0.07,2273,3831,11.74,14
11-09-2025 05:00,60,102,0.3,49,15,45,99,225,154,4.8,154,9450,7.3,0,103.9,56,8.76,0.07,2262,3820,11.75,14
11-09-2025 07:00,59,102,0.2,50,15,34,98,217,145,4.2,152,9450,7.4,0,103.9,56,8.76,0.07,2256,3725,11.56,14
11-09-2025 09:00,59,102,0.2,50,15,32,97,217,142,4.2,150,9450,7.4,0,103.9,56,8.69,0.08,2262,3845,11.78,14
11-09-2025 11:00,60,102,0.2,49,15,35,97,217,143,4.2,150,9450,7.4,0,103.9,56,8.95,0.08,2314,3856,11.69,14
11-09-2025 13:00,60,102,0.2,49,15,31,96,216,141,4.2,147,9450,7.4,0,103.9,59,8.7,0.08,2331,3951,11.32,14
11-09-2025 15:00,60,102,0.2,49,15,30,97,212,137,5,146,9450,7.2,0,103.9,60,8.9,0.05,2301,3846,11.45,14
11-09-2025 17:00,60,102,0.2,49,15,20,96,207,133,5,146,9450,7.2,0,103.9,61,8.85,0.06,2156,3756,11.59,14
11-09-2025 19:00,59,102,0.2,48,14.9,34,97,216,141,5,144,9450,6.8,0,103.9,62,8.69,0.06,2250,3921,11.57,14
11-09-2025 21:00,59,102,0.2,49,15,31,96,214,139,5,147,9450,6.9,0,103.9,64,8.75,0.06,2351,3846,11.52,14
11-09-2025 23:00,59,102,0.3,49,15,41,98,222,150,4.9,150,9450,7,0,103.9,56,8.78,0.05,2321,3845,11.48,14
12-09-2025 01:00,60,102,0.3,49,15,55,98,233,158,4.9,158,9450,7.3,0,103.9,65,8.84,0.04,2346,3815,11.6,14
12-09-2025 03:00,60,102,0.3,46,14.9,61,98,235,164,4.9,154,9450,7.2,0,103.9,59,8.81,0.05,2315,3815,11.64,14
12-09-2025 05:00,60,102,0.2,46,14.9,63,98,235,165,4.9,155,9450,7.2,0,103.9,52,8.94,0.05,2156,3856,11.62,14
12-09-2025 07:00,59,102,0.2,48,14.9,57,98,233,163,5,157,9450,7.2,0,103.9,89,9.1,0.07,2289,3849,11.72,14
12-09-2025 09:00,59,102,0.2,46,15,57,100,233,164,5,158,9450,7.2,0,103.9,51,8.9,0.07,2275,3841,11.84,14
12-09-2025 11:00,59,102,0.2,47,15,52,101,232,163,5,158,9450,7.5,0,103.9,55,8.77,0.07,2256,3915,11.54,14
12-09-2025 13:00,60,102,0.2,47,15,50,101,229,160,5,155,9450,7.2,0,103.9,65,8.79,0.07,2222,3789,11.84,14
12-09-2025 15:00,60,102,0.3,47,15,44,99,226,155,4.8,150,9450,7.2,0,103.9,61,8.76,0.06,2325,3848,11.89,14
12-09-2025 17:00,60,102,0.3,49,14.9,54,100,230,160,4.8,154,9450,7.2,0,103.9,65,8.76,0.07,2356,3784,11.75,14
12-09-2025 19:00,60,102,0.3,49,14.9,54,100,231,161,4.8,151,9450,7.2,0,103.9,51,8.76,0.07,2321,3926,11.45,14
12-09-2025 21:00,59,102,0.3,46,14.9,54,99,231,161,4.8,153,9450,7.1,0,103.9,44,8.75,0.07,2153,3848,11.45,14
12-09-2025 23:00,60,102,0.3,48,15,56,99,231,161,5,154,9450,7.1,0,103.9,66,8.74,0.07,2254,3874,11.52,14
13-09-2025 01:00,60,102,0.3,49,15,40,99,222,152,5,152,9450,7.1,0,103.9,61,8.68,0.06,2235,3845,11.35,14
13-09-2025 03:00,59,102,0.3,48,15.1,45,100,227,158,5,155,9450,7.1,0,103.9,55,8.69,0.05,2215,3943,11.67,14
13-09-2025 05:00,60,102,0.2,47,14.9,56,98,231,161,5,150,9450,7.2,0,103.9,62,8.71,0.08,2159,3852,11.62,14
13-09-2025 07:00,59,102,0.2,49,15,55,99,232,162,5,155,9450,7.2,0,103.9,45,8.69,0.07,2185,3760,11.7,14
13-09-2025 09:00,60,102,0.2,48,15,54,100,231,162,5,157,9450,7.2,0,103.9,78,8.74,0.06,2315,3880,11.72,14
13-09-2025 11:00,60,102,0.2,49,14.9,53,101,230,161,5,156,9450,7.2,0,103.9,54,8.72,0.05,2169,3900,11.75,14
13-09-2025 13:00,60,102,0.2,49,15,53,100,230,161,5,154,9450,7.1,0,103.9,51,8.71,0.05,2115,3870,11.72,14
13-09-2025 15:00,60,102,0.2,48,15,53,99,231,161,4.8,156,9450,7.3,0,103.9,52,8.76,0.06,2251,3920,11.7,14
13-09-2025 17:00,59,102,0.2,48,15,52,100,230,161,4.8,156,9450,7,0,103.9,59,8.7,0.06,2265,3900,11.71,14
13-09-2025 19:00,60,102,0.3,48,15,42,99,222,151,4.8,152,9450,7,0,103.9,61,8.75,0.06,2212,3890,11.71,14
13-09-2025 21:00,60,102,0.3,50,15,53,100,232,163,4.8,154,9450,7.1,0,103.9,64,8.89,0.05,2312,3900,11.71,14
13-09-2025 23:00,60,102,0.3,48,15,57,100,232,163,5.2,154,9450,7.1,0,103.9,67,8.98,0.07,2102,3990,11.68,14
14-09-2025 01:00,60,102,0.3,48,15,54,99,232,161,5.2,153,9450,7.3,0,103.9,61,8.61,0.07,2156,4020,11.74,14
14-09-2025 03:00,60,102,0.3,49,15,55,99,232,162,5.2,151,9450,7.3,0,103.9,50,8.72,0.08,2189,4100,11.72,14
14-09-2025 05:00,60,102,0.3,48,15,56,99,232,162,5.2,151,9450,7.2,0,103.9,55,8.84,0.05,2184,3789,11.85,14
14-09-2025 07:00,60,102,0.2,49,15,55,100,233,163,4.9,158,9450,7,0,103.9,49,8.75,0.08,2266,3885,11.47,14
14-09-2025 09:00,59,102,0.2,49,14.9,58,101,233,164,4.9,153,9450,7.2,0,103.9,59,8.45,0.07,2262,3854,11.71,14
14-09-2025 11:00,60,102,0.2,49,15,53,102,231,163,4.9,154,9450,7.2,0,103.9,63,8.51,0.07,2256,3929,11.72,14
14-09-2025 13:00,60,102,0.2,49,15,57,103,232,164,4.9,157,9450,7.1,0,103.9,69,8.56,0.08,2248,3785,11.71,14
14-09-2025 15:00,60,102,0.2,47,15,53,104,231,165,4.8,153,9450,7.3,0,103.9,75,8.61,0.08,2284,3885,11.71,14
14-09-2025 17:00,59,102,0.2,49,15,52,104,229,162,4.8,152,9450,7.2,0,103.9,52,8.62,0.08,2285,3859,11.71,14
14-09-2025 19:00,60,102,0.3,50,15,52,103,230,163,4.8,153,9450,7,0,103.9,58,8.61,0.08,2315,3846,11.77,14
14-09-2025 21:00,60,102,0.2,50,14.9,50,102,228,159,4.8,156,9450,7.2,0,103.9,51,8.75,0.06,2201,3952,11.76,14
14-09-2025 23:00,60,102,0.3,49,15,41,101,222,151,4.8,153,9450,7.12,0,103.9,56,8.56,0.06,2159,4025,11.72,14
15-09-2025 01:00,60,102,0.3,48,15,39,100,222,150,4.8,149,9450,7.2,0,103.9,52,8.72,0.04,2222,3820,11.54,14
15-09-2025 03:00,60,103,0.3,48,15,41,99,222,150,4.8,152,9450,7.2,0,103.9,55,8.72,0.05,2325,3760,11.85,14
15-09-2025 05:00,60,102,0.3,49,15,42,99,223,150,4.8,152,9450,7.2,0,103.9,51,8.76,0.05,2356,3880,11.74,14
15-09-2025 07:00,60,102,0.3,48,15,43,99,222,150,5,147,9450,7.2,0,103.9,71,8.76,0.07,2321,3900,11.84,14
15-09-2025 09:00,59,102,0.2,48,15,45,100,223,152,5,148,9450,7.2,0,103.9,66,8.76,0.07,2153,3870,11.7,14
15-09-2025 11:00,60,102,0.2,49,14.9,43,102,221,151,5,152,9450,7.2,0,103.9,54,8.76,0.07,2254,3920,11.71,14
15-09-2025 13:00,60,102,0.3,49,15,40,103,220,150,5,152,9450,7.2,0,103.9,75,8.72,0.07,2354,3900,11.58,14
15-09-2025 15:00,59,102,0.2,48,15,41,103,221,151,4.8,152,9450,7.2,0,103.9,66,8.72,0.06,2287,3890,11.96,14
15-09-2025 17:00,60,102,0.3,50,15,28,103,215,152,4.8,152,9450,7.1,0,103.9,52,8.72,0.07,2295,3900,11.69,14
15-09-2025 19:00,60,102,0.3,47,15,44,100,222,150,4.8,144,9450,7.1,0,103.9,55,8.72,0.07,2212,3990,11.65,14
15-09-2025 21:00,60,102,0.2,49,15,39,101,220,150,4.8,147,9450,7.1,0,103.9,58,8.74,0.07,2264,4020,11.62,14
15-09-2025 23:00,60,103,0.3,49,15,44,101,224,153,5,149,9450,7.1,0,103.9,54,8.74,0.07,2354,4100,11.51,14
16-09-2025 01:00,60,103,0.3,49,15,45,100,225,154,5,153,9450,7.3,0,103.9,48,8.74,0.07,2160,3789,11.65,14
16-09-2025 03:00,60,103,0.3,48,15,40,99,221,149,5,152,9450,7.3,0,103.9,56,8.74,0.07,2356,3885,11.65,14
16-09-2025 05:00,60,103,0.4,49,15,41,98,221,149,5,151,9450,7.2,0,103.9,65,8.78,0.077,2325,3854,11.95,14
16-09-2025 07:00,60,103,0.3,48,15,42,98,223,150,4.9,147,9450,6.9,0,103.9,70,8.78,0.078,2356,3929,11.45,14
16-09-2025 09:00,60,102,0.3,48,14.9,43,99,224,153,4.9,150,9450,6.8,0,103.9,56,8.71,0.08,2289,3871,11.95,14
16-09-2025 11:00,60,102,0.3,48,15,42,101,222,152,4.9,150,9450,6.5,0,103.9,60,8.61,0.07,2214,3760,11.77,14
16-09-2025 13:00,59,102,0.2,49,14.9,43,101,224,154,4.9,153,9450,6.9,0,103.9,59,8.86,0.04,2205,3751,11.66,14
16-09-2025 15:00,60,102,0.2,49,15,42,102,221,151,4.8,153,9450,6.9,0,103.9,56,8.96,0.06,2219,3721,11.56,14
16-09-2025 17:00,59,102,0.2,49,15,39,102,221,150,4.8,153,9450,7.1,0,103.9,51,9.1,0.04,2152,3625,11.54,14
16-09-2025 19:00,60,102,0.2,50,15,37,101,220,150,4.8,152,9450,7.1,0,103.9,54,9.06,0.03,2225,3645,11.85,14
16-09-2025 21:00,60,102,0.3,49,15,41,100,220,150,4.8,152,9450,7,0,103.9,72,9.05,0.04,2209,3641,11.74,14
16-09-2025 23:00,60,102,0.3,50,15,49,101,221,150,4.7,148,9450,7.2,0,103.9,87,8.78,0.05,2244,3621,11.59,14
17-09-2025 01:00,60,103,0.2,49,15,39,100,221,150,4.7,152,9450,7.2,0,103.9,71,8.83,0.09,2258,3612,11.66,14
17-09-2025 03:00,60,102,0.3,48,15,42,99,222,149,4.7,151,9450,7.3,0,103.9,76,8.93,0.04,2211,3598,11.62,14
17-09-2025 05:00,60,102,0.2,47,15,20,97,210,134,4.7,148,9450,7.3,0,103.9,56,8.8,0.07,2218,3621,11.71,14
17-09-2025 07:00,60,102,0.2,50,14.9,60,100,235,166,4.2,151,9450,7.3,0,103.9,52,8.41,0.07,2232,3654,11.51,14
17-09-2025 09:00,59,102,0.2,50,14.9,59,102,233,164,4.2,152,9450,7.3,0,103.9,50,8.62,0.07,2352,3671,11.56,14
17-09-2025 11:00,59,102,0.2,49,15,56,102,233,166,4.2,155,9450,7,0,103.9,49,8.46,0.07,2389,3721,11.78,14
17-09-2025 13:00,60,102,0.3,50,15,51,103,230,161,4.2,157,9450,7.5,0,103.9,75,8.95,0.03,2376,3725,11.95,14
17-09-2025 15:00,60,102,0.3,49,15,54,104,230,162,4.4,155,9450,7.5,0,103.9,74,8.76,0.05,2384,3689,11.56,14
17-09-2025 17:00,60,102,0.3,49,15,72,106,239,173,4.4,155,9450,7.5,0,103.9,65,8.55,0.05,2351,3955,11.72,14
17-09-2025 19:00,60,102,0.3,48,15,87,105,243,176,4.4,159,9450,7.1,0,103.9,70,8.7,0.09,2354,3855,11.91,14
17-09-2025 21:00,60,102,0.3,49,15,71,104,239,172,4.4,159,9450,7.2,0,103.9,58,8.53,0.09,2412,3842,11.84,14
17-09-2025 23:00,59,102,0.2,48,14.9,76,104,241,174,4.8,158,9450,7.3,0,103.9,80,8.89,0.07,2410,3789,11.81,14
18-09-2025 01:00,60,102,0.3,47,15,56,101,233,165,4.8,156,9450,7.2,0,103.9,40,8.9,0.05,2398,3754,11.6,14
18-09-2025 03:00,60,102,0.2,49,15,52,100,230,160,4.8,156,9450,7.1,0,103.9,57,8.51,0.07,2384,3798,11.59,14
18-09-2025 05:00,60,102,0.2,48,14.9,63,101,238,169,4.8,158,9450,7.4,0,103.9,77,8.65,0.05,2351,3701,11.64,14
18-09-2025 07:00,59,102,0.2,50,14.9,84,102,242,174,4.2,154,9450,7.5,0,103.9,49,8.5,0.06,2231,3881,11.97,14
18-09-2025 09:00,60,103,0.3,50,15,51,102,230,161,4.2,150,9450,6.6,0,103.9,76,9,0.06,2356,3621,11.74,14
18-09-2025 11:00,60,102,0.2,50,15,50,102,229,160,4.2,154,9450,6.7,0,103.9,51,8.43,0.06,2368,3620,11.77,14
18-09-2025 13:00,60,102,0.2,50,15,49,103,228,159,4.2,155,9450,6.9,0,103.9,58,8.6,0.09,2451,3609,11.62,14
18-09-2025 15:00,60,102,0.2,47,15,75,103,240,171,4.8,151,9450,6.9,0,103.9,84,8.59,0.06,2415,3659,11.69,14
18-09-2025 17:00,60,104,0.4,49,15,74,105,241,173,4.8,152,9450,6.9,0,103.9,84,8.45,0.07,2315,4200,11.77,14
18-09-2025 19:00,59,102,0.3,50,15,65,104,237,170,4.8,156,9450,6.9,0,103.9,45,8.97,0.09,2352,3640,11.93,14
18-09-2025 21:00,60,104,0.4,49,15,70,103,240,173,4.8,155,9450,7.1,0,103.9,56,8.83,0.09,2384,4029,11.77,14
18-09-2025 23:00,59,104,0.4,49,15,58,102,234,157,4.9,153,9450,7,0,103.9,77,8.54,0.05,2103,3959,11.62,14
19-09-2025 01:00,59,102,0.2,49,14.9,80,104,242,175,4.9,157,9450,7.1,0,103.9,81,8.45,0.03,2151,3523,11.68,14
19-09-2025 03:00,60,102,0.2,49,14.9,40,103,221,151,4.9,157,9450,7.2,0,103.9,67,8.95,0.04,2156,4076,11.94,14
19-09-2025 05:00,60,103,0.3,49,15,57,104,232,165,4.9,160,9450,7.2,0,103.9,90,8.77,0.07,2221,4029,11.92,14
19-09-2025 07:00,54,102,0.2,49,14.9,77,104,341,174,4.5,160,9450,7.2,0,103.9,55,8.99,0.09,2215,4213,11.88,14
19-09-2025 09:00,60,102,0.3,49,15,49,103,231,163,4.5,158,9450,7.2,0,103.9,45,8.48,0.08,2180,4202,11.85,14
19-09-2025 11:00,60,102,0.2,49,15,53,103,230,161,4.5,160,9450,7.2,0,103.9,88,8.41,0.09,2250,4191,11.93,14
19-09-2025 13:00,59,103,0.3,49,15,54,104,230,162,4.5,161,9450,7.2,0,103.9,52,8.6,0.03,2262,3803,11.81,14
19-09-2025 15:00,60,102,0.2,49,15,73,107,240,174,4.5,162,9450,7.2,0,103.9,54,8.77,0.03,2244,4133,11.74,14
19-09-2025 17:00,60,102,0.2,49,15,76,108,242,175,4.5,160,9450,7.2,0,103.9,77,8.6,0.06,2273,4099,11.84,14
19-09-2025 19:00,59,102,0.2,48,15,77,106,241,175,4.5,157,9450,7.1,0,103.9,50,8.95,0.06,2262,4017,11.67,14
19-09-2025 21:00,60,103,0.3,48,15,57,104,233,165,4.5,160,9450,7.1,0,103.9,88,8.91,0.06,2256,3603,11.64,14
19-09-2025 23:00,60,103,0.3,49,15,78,104,242,174,4.9,161,9450,7.1,0,103.9,59,8.67,0.04,2262,4099,11.91,14
20-09-2025 01:00,60,102,0.2,49,14.9,89,106,243,177,4.9,159,9450,7.1,0,103.9,64,8.44,0.07,2314,3621,11.96,14
20-09-2025 03:00,59,102,0.3,49,15,71,104,240,173,4.9,159,9450,7.3,0,103.9,72,8.79,0.09,2331,3654,11.73,14
20-09-2025 05:00,59,102,0.2,49,15,81,106,242,176,4.9,159,9450,7.3,0,103.9,54,8.59,0.04,2378,3806,11.69,14
20-09-2025 07:00,57,102,0.2,50,15,54,103,232,164,4.8,164,9450,7.2,0,103.9,84,8.77,0.04,2156,4055,11.89,14
20-09-2025 09:00,59,102,0.2,49,15,52,105,229,162,4.8,161,9450,7,0,103.9,86,8.75,0.05,2250,3648,11.96,14
20-09-2025 11:00,60,102,0.2,50,15,57,105,229,162,4.8,158,9450,7.2,0,103.9,64,8.56,0.09,2351,3647,11.87,14
20-09-2025 13:00,60,102,0.2,49,15,52,105,230,163,4.8,158,9450,7.2,0,103.9,41,8.52,0.07,2321,4119,11.92,14
20-09-2025 15:00,60,102,0.3,49,15.1,60,107,234,163,4.5,158,9450,7.2,0,103.9,56,9.08,0.09,2346,3747,11.71,14
20-09-2025 17:00,60,103,0.4,48,15.1,48,106,228,163,4.5,159,9450,7.1,0,103.9,88,8.61,0.08,2315,3550,11.71,14
20-09-2025 19:00,59,104,0.4,49,15,60,104,222,165,4.5,155,9450,7.1,0,103.9,64,8.44,0.08,2156,3675,11.69,14
20-09-2025 21:00,60,102,0.2,49,15,54,103,231,164,4.5,155,9450,7.1,0,103.9,49,8.71,0.06,2289,4141,11.92,14
20-09-2025 23:00,60,102,0.2,48,15,60,105,235,168,5,156,9450,7,0,103.9,63,8.59,0.08,2275,3559,11.74,14
21-09-2025 01:00,60,102,0.2,49,15,64,106,238,172,5,161,9450,7.2,0,103.9,72,8.61,0.07,2256,4192,11.83,14
21-09-2025 03:00,60,102,0.2,49,15,63,105,237,170,5,160,9450,7.2,0,103.9,49,8.54,0.03,2222,3803,11.65,14
21-09-2025 05:00,60,102,0.2,48,15,60,103,236,167,5,158,9450,7.2,0,103.9,46,8.67,0.07,2325,3505,11.93,14
21-09-2025 07:00,59,102,0.2,49,15,62,105,237,171,4.9,161,9450,7.2,0,103.9,72,8.91,0.07,2356,4186,11.64,14
21-09-2025 09:00,60,102,0.3,49,14.9,77,106,240,174,4.9,161,9450,7.2,0,103.9,75,8.56,0.07,2321,3574,11.94,14
21-09-2025 11:00,60,102,0.2,50,15,48,106,229,163,4.9,158,9450,7.1,0,103.9,81,8.96,0.05,2153,4150,11.71,14
21-09-2025 13:00,60,102,0.2,50,14.9,52,107,229,163,4.9,157,9450,7.2,0,103.9,54,9.05,0.04,2254,3787,11.65,14
21-09-2025 15:00,60,102,0.2,48,14.7,64,109,228,173,4.5,159,9450,7.2,0,103.9,55,8.51,0.08,2354,3744,11.55,14
21-09-2025 17:00,60,103,0.3,49,14.9,55,105,232,166,4.5,157,9450,7.1,0,103.9,58,8.61,0.05,2287,3694,11.98,14
21-09-2025 19:00,60,104,0.4,49,15,46,103,224,155,4.5,152,9450,7.1,0,103.9,45,8.9,0.06,2295,3545,11.85,14
21-09-2025 21:00,59,105,0.5,48,15,41,104,221,153,4.5,152,9450,7.1,0,103.9,40,8.53,0.08,2212,3875,11.75,14
21-09-2025 23:00,59,102,0.2,49,14.9,22,100,207,134,4.2,143,9450,7.1,0,103.9,52,8.99,0.05,2264,3802,11.56,14
22-09-2025 01:00,60,102,0.3,49,15,22,99,208,134,4.2,144,9450,7.3,0,103.9,55,8.86,0.04,2354,3559,11.55,14
22-09-2025 03:00,59,102,0.3,49,15,22,99,208,134,4.2,149,9450,7.1,0,103.9,51,8.81,0.05,2160,3902,11.85,14
22-09-2025 05:00,59,102,0.3,48,14.9,25,99,207,134,4.2,143,9450,7.1,0,103.9,71,8.51,0.05,2356,3743,11.85,14
22-09-2025 07:00,60,102,0.2,48,14.9,32,98,213,136,4.9,142,9450,7.1,0,103.9,66,8.53,0.08,2325,3677,11.85,14
22-09-2025 09:00,60,102,0.2,50,14.9,40,100,219,147,4.9,146,9450,7.1,0,103.9,54,8.65,0.09,2356,4195,11.47,14
22-09-2025 11:00,60,102,0.3,49,14.9,41,101,220,145,4.9,150,9450,7.2,0,103.9,75,8.53,0.07,2321,3789,11.71,14
22-09-2025 13:00,60,102,0.2,49,15,36,103,219,150,4.9,151,9450,7.2,0,103.9,66,8.56,0.08,2153,3549,11.72,14
22-09-2025 15:00,59,102,0.2,49,15,44,103,224,155,4.8,151,9450,7.1,0,103.9,52,8.93,0.06,2254,4204,11.71,14
22-09-2025 17:00,60,102,0.2,48,15,57,103,231,163,4.8,153,9450,7.3,0,103.9,55,8.52,0.06,2354,4000,11.72,14
22-09-2025 19:00,59,102,0.3,49,14.9,47,103,227,157,4.8,155,9450,7.1,0,103.9,58,8.5,0.08,2215,4049,11.75,14
22-09-2025 21:00,59,102,0.2,49,15,41,100,221,150,4.8,152,9450,7.2,0,103.9,54,8.83,0.06,2180,3727,11.72,14
22-09-2025 23:00,59,102,0.2,50,15,42,102,222,151,4.8,152,9450,7,0,103.9,48,9.08,0.08,2250,4162,11.7,14
23-09-2025 01:00,59,102,0.2,48,14.9,68,102,237,167,4.8,153,9450,7.1,0,103.9,56,8.67,0.04,2262,3771,11.71,14
23-09-2025 03:00,59,102,0.3,49,15.1,60,104,235,169,4.8,157,9450,7.3,0,103.9,65,8.5,0.07,2219,3827,11.75,14
23-09-2025 05:00,59,102,0.2,49,15,53,103,230,162,4.8,160,9450,7.2,0,103.9,70,8.67,0.08,2281,3908,11.79,14
23-09-2025 07:00,60,103,0.4,49,15,55,104,231,164,4.8,162,9450,7,0,103.9,59,9,0.03,2215,4076,11.95,14
23-09-2025 09:00,60,104,0.4,48,15,54,105,232,165,4.8,162,9450,7.2,0,103.9,52,8.61,0.07,2180,4171,11.74,14
23-09-2025 11:00,60,102,0.2,48,15,58,107,233,167,4.8,162,9450,7.2,0,103.9,61,8.81,0.06,2250,3874,11.67,14
23-09-2025 13:00,60,102,0.2,49,15,60,108,232,166,4.8,165,9450,7.2,0,103.9,54,9.1,0.06,2262,3606,11.88,14
23-09-2025 15:00,59,103,0.3,49,15,64,109,236,172,5,164,9450,7.1,0,103.9,59,9.03,0.07,2244,4225,11.95,14
23-09-2025 17:00,60,102,0.2,48,15,62,109,235,171,5,162,9450,7.1,0,103.9,52,8.78,0.06,2273,3750,11.67,14
23-09-2025 19:00,60,103,0.3,49,15,55,108,231,166,5,162,9450,7.7,0,103.9,49,8.54,0.03,2285,3504,11.9,14
23-09-2025 21:00,60,104,0.3,49,15,53,106,230,164,5,161,9450,7.3,0,103.9,59,8.53,0.07,2295,4137,11.83,14
23-09-2025 23:00,59,102,0.3,47,15,66,107,237,165,4.8,165,9450,7.2,0,103.9,63,8.45,0.06,2331,3711,11.72,14
24-09-2025 01:00,59,102,0.2,49,14.9,55,105,229,163,4.8,159,9450,7.2,0,103.9,69,9.09,0.04,2378,4020,11.93,14
24-09-2025 03:00,59,102,0.2,49,15,59,107,234,168,4.8,162,9450,7.2,0,103.9,75,8.96,0.07,2156,3673,11.78,14
24-09-2025 05:00,59,102,0.3,47,15,55,106,233,166,4.8,162,9450,7.1,0,103.9,52,8.67,0.04,2250,4199,11.8,14
24-09-2025 07:00,60,103,0.4,49,15,57,106,231,164,4.6,164,9450,7.1,0,103.9,58,8.79,0.07,2351,4026,11.6,14
24-09-2025 09:00,60,103,0.3,48,15,47,106,227,161,4.6,160,9450,7.1,0,103.9,51,8.68,0.09,2321,4138,11.67,14
24-09-2025 11:00,59,103,0.3,48,15,60,107,233,167,4.6,161,9450,7.3,0,103.9,54,8.92,0.05,2346,4074,11.6,14
24-09-2025 13:00,60,103,0.3,49,15,60,108,233,168,4.6,162,9450,7.4,0,103.9,65,8.75,0.08,2330,3657,11.63,14
24-09-2025 15:00,59,102,0.3,48,15,62,109,235,171,4.9,164,9450,7.4,0,103.9,70,8.48,0.05,2298,4226,11.72,14
24-09-2025 17:00,60,102,0.3,49,15,61,109,234,169,4.9,163,9450,7.4,0,103.9,59,8.66,0.04,2287,3522,11.76,14
24-09-2025 19:00,60,103,0.3,47,15,58,108,232,167,4.9,162,9450,7.4,0,103.9,52,8.92,0.05,2255,3772,11.68,14
24-09-2025 21:00,60,104,0.4,49,15,55,107,232,166,4.9,160,9450,7.2,0,103.9,49,8.41,0.06,2221,3952,11.58,14
24-09-2025 23:00,60,104,0.3,48,15,57,105,231,164,4.9,159,9450,7.2,0,103.9,44,8.97,0.06,2325,3655,11.59,14
25-09-2025 01:00,60,102,0.3,48,15,58,106,234,168,4.9,161,9450,7.2,0,103.9,40,8.56,0.09,2356,3778,11.66,14
25-09-2025 03:00,60,102,0.3,49,15,57,106,234,167,4.9,163,9450,7.1,0,103.9,42,8.97,0.08,2321,3612,11.94,14
25-09-2025 05:00,59,102,0.3,49,15,50,105,228,161,4.9,160,9450,7.1,0,103.9,55,8.58,0.04,2153,4155,11.96,14
25-09-2025 07:00,60,103,0.3,47,15,56,104,233,165,5.3,161,9450,7.1,0,103.9,52,9.03,0.09,2254,4101,11.82,14
25-09-2025 09:00,60,102,0.2,48,15,52,105,230,163,5.3,159,9450,7.1,0,103.9,65,8.77,0.07,2354,4078,11.93,14
25-09-2025 11:00,60,102,0.2,48,15,50,107,230,164,5.3,160,9450,7.3,0,103.9,66,9.08,0.05,2287,4027,11.88,14
25-09-2025 13:00,60,102,0.3,47,15,53,108,231,165,5.3,160,9450,7.2,0,103.9,56,9.09,0.09,2295,3558,11.6,14
25-09-2025 15:00,59,102,0.2,49,15,51,108,228,162,5.1,159,9450,7.1,0,103.9,54,8.86,0.07,2452,3525,11.9,14
25-09-2025 17:00,60,102,0.3,49,15,66,110,237,174,5.1,164,9450,7.2,0,103.9,52,8.99,0.06,2341,3577,11.84,14
25-09-2025 19:00,59,102,0.2,49,14.9,84,108,242,176,5.1,163,9450,7.2,0,103.9,45,8.86,0.06,2461,3790,11.64,14
25-09-2025 21:00,59,104,0.4,48,14.9,73,107,239,172,5.1,150,9450,7.4,0,103.9,65,8.52,0.08,2394,4005,11.8,14
25-09-2025 23:00,59,103,0.3,50,14.9,65,105,235,168,4.8,157,9450,7,0,103.9,41,8.42,0.04,2202,3520,11.71,14
26-09-2025 01:00,60,103,0.3,48,14.9,60,105,234,168,4.8,159,9450,7.3,0,103.9,56,8.81,0.06,2411,3766,11.59,14
26-09-2025 03:00,60,102,0.3,49,14.9,65,106,236,169,4.8,160,9450,6.9,0,103.9,54,8.56,0.05,2233,3722,11.72,14
26-09-2025 05:00,59,102,0.2,50,14.9,59,106,234,167,4.8,159,9450,7,0,103.9,55,8.93,0.09,2289,3672,11.66,14
26-09-2025 07:00,59,102,0.2,48,15,61,105,235,169,5.2,161,9450,7,0,103.9,58,8.92,0.05,2366,3986,11.68,14
26-09-2025 09:00,59,102,0.2,49,15,70,105,239,173,5.2,161,9450,7,0,103.9,45,8.48,0.08,2180,4168,11.61,14
26-09-2025 11:00,60,102,0.2,48,15,61,104,236,169,5.2,153,9450,7.1,0,103.9,40,8.75,0.04,2337,3655,11.84,14
26-09-2025 13:00,60,102,0.2,49,15,61,105,235,167,5.2,153,9450,7.1,0,103.9,52,8.86,0.05,2416,4206,11.81,14
26-09-2025 15:00,60,102,0.2,49,15,51,105,231,165,4.8,153,9450,7.2,0,103.9,55,9.09,0.03,2218,4234,11.92,14
26-09-2025 17:00,59,102,0.2,49,14.9,76,105,240,173,4.8,154,9450,7.3,0,103.9,51,8.85,0.07,2150,4240,11.61,14
26-09-2025 19:00,59,102,0.2,46,15,58,105,234,167,4.8,159,9450,7.2,0,103.9,71,8.49,0.07,2428,4170,11.88,14
26-09-2025 21:00,60,102,0.2,49,15,61,105,235,169,4.8,158,9450,7.2,0,103.9,52,9.07,0.04,2257,3553,11.73,14
26-09-2025 23:00,60,102,0.2,48,14.9,58,104,232,164,4.8,157,9450,7.1,0,103.9,56,8.61,0.06,2439,3848,11.77,14
27-09-2025 01:00,59,102,0.3,49,14.9,58,103,233,165,4.8,158,9450,7.1,0,103.9,57,8.52,0.06,2164,4050,11.61,14
27-09-2025 03:00,59,102,0.3,46,14.9,69,103,238,169,4.8,160,9450,7.1,0,103.9,58,8.43,0.09,2366,3772,11.63,14
27-09-2025 05:00,59,103,0.3,49,14.9,46,102,227,158,4.8,157,9450,7.3,0,103.9,54,8.42,0.07,2102,3537,11.99,14
27-09-2025 07:00,60,103,0.3,49,15,54,101,232,163,4.8,155,9450,7.2,0,103.9,51,8.61,0.03,2450,4172,11.73,14
27-09-2025 09:00,59,103,0.3,49,15,58,103,232,164,4.8,156,9450,7,0,103.9,62,8.52,0.08,2261,3635,11.63,14
27-09-2025 11:00,58,102,0.2,49,15,62,104,233,168,4.8,158,9450,7.1,0,103.9,64,8.42,0.07,2453,4079,11.92,14
27-09-2025 13:00,60,103,0.3,48,15,65,105,236,171,4.8,160,9450,7.1,0,103.9,42,9.01,0.04,2148,3667,11.75,14
27-09-2025 15:00,60,103,0.3,47,15,60,106,235,170,5.2,157,9450,7.1,0,103.9,56,9.05,0.07,2131,3530,11.77,14
27-09-2025 17:00,60,104,0.3,48,15,64,106,237,171,5.2,158,9450,7.3,0,103.9,68,8.94,0.08,2295,3573,11.92,14
27-09-2025 19:00,60,102,0.3,48,15,63,104,236,170,5.2,160,9450,7.3,0,103.9,52,8.73,0.07,2167,3610,11.92,14
27-09-2025 21:00,60,103,0.3,49,15,62,104,237,170,5.2,161,9450,7.2,0,103.9,72,8.61,0.05,2358,3892,11.94,14
27-09-2025 23:00,59,103,0.3,48,15,70,104,240,174,4.8,162,9450,7,0,103.9,56,8.89,0.03,2417,4214,11.88,14
28-09-2025 01:00,60,102,0.3,49,15,31,102,216,150,4.8,157,9450,7.2,0,103.9,62,8.45,0.05,2126,4158,11.85,14
28-09-2025 03:00,59,102,0.3,50,15,30,99,213,140,4.8,148,9450,7.2,0,103.9,54,8.53,0.05,2140,3598,11.98,14
28-09-2025 05:00,59,103,0.3,49,15,36,99,218,144,4.8,151,9450,7.2,0,103.9,56,8.71,0.07,2365,3985,11.77,14
28-09-2025 07:00,59,102,0.2,49,15,36,100,218,145,4.9,149,9450,7.1,0,103.9,55,8.67,0.08,2154,3779,11.97,14
28-09-2025 09:00,60,102,0.2,49,14.9,53,102,230,161,4.9,152,9450,7.1,0,103.9,58,8.57,0.08,2188,3900,11.94,14
28-09-2025 11:00,60,102,0.2,49,14.9,51,104,230,162,4.9,156,9450,7.1,0,103.9,51,8.71,0.05,2382,4182,11.62,14
28-09-2025 13:00,60,102,0.2,49,15,50,105,229,161,4.9,157,9450,7.1,0,103.9,54,9.07,0.07,2425,3784,11.65,14
28-09-2025 15:00,60,102,0.3,48,15,52,105,228,161,4.8,157,9450,7.3,0,103.9,55,8.64,0.03,2403,3693,11.96,14
28-09-2025 17:00,60,102,0.3,49,15,48,106,228,161,4.8,152,9450,7.2,0,103.9,58,8.8,0.04,2456,4057,11.74,14
28-09-2025 19:00,60,102,0.3,49,15,50,106,228,161,4.8,157,9450,7,0,103.9,45,8.42,0.08,2321,3516,11.85,14
28-09-2025 21:00,60,102,0.3,49,15,50,105,230,162,4.8,157,9450,7.1,0,103.9,40,8.63,0.04,2113,3789,11.7,14
28-09-2025 23:00,60,102,0.3,48,15,59,105,235,168,4.8,156,9450,7.1,0,103.9,52,8.76,0.09,2149,4191,11.71,14
29-09-2025 01:00,59,102,0.3,49,14.9,69,104,238,169,4.8,160,9450,7.3,0,103.9,55,8.76,0.05,2297,4175,11.74,14
29-09-2025 03:00,60,102,0.4,48,15,54,105,232,165,4.8,163,9450,7.4,0,103.9,51,8.72,0.05,2418,3527,11.92,14
29-09-2025 05:00,59,102,0.2,49,15,54,104,231,164,4.8,161,9450,7.4,0,103.9,71,8.72,0.05,2213,4233,11.87,14
29-09-2025 07:00,59,102,0.2,49,15,55,103,233,165,5.2,164,9450,7.4,0,103.9,65,8.72,0.08,2399,3989,11.99,14
29-09-2025 09:00,60,102,0.2,49,15,54,104,232,164,5.2,163,9450,7.4,0,103.9,62,8.72,0.04,2327,4018,11.93,14
29-09-2025 11:00,59,102,0.3,49,15,68,106,238,170,5.2,161,9450,7.2,0,103.9,61,8.74,0.07,2183,4100,11.7,14
29-09-2025 13:00,59,103,0.3,48,14.7,89,105,241,172,5.2,157,9450,7.2,0,103.9,55,8.74,0.06,2363,3785,11.85,14
29-09-2025 15:00,60,102,0.3,49,15,67,108,238,174,4.9,164,9450,6.8,0,103.9,59,8.74,0.06,2210,4197,11.91,14
29-09-2025 17:00,59,103,0.3,48,15,65,107,237,171,4.9,160,9450,6.9,0,103.9,57,8.74,0.09,2455,3705,11.71,14
29-09-2025 19:00,60,102,0.3,48,15,62,107,235,170,4.9,161,9450,7,0,103.9,52,8.78,0.04,2336,4190,11.6,14
29-09-2025 21:00,60,102,0.3,48,15,62,107,236,171,4.9,161,9450,7.3,0,103.9,58,8.78,0.07,2157,3512,11.97,14
29-09-2025 23:00,59,102,0.3,49,15,64,107,237,171,4.9,161,9450,7.2,0,103.9,42,8.71,0.08,2436,3812,11.8,14
30-09-2025 01:00,60,103,0.3,48,15,63,106,235,169,4.9,160,9450,7.2,0,103.9,40,8.61,0.06,2442,3675,11.85,14
30-09-2025 03:00,59,102,0.3,48,15,66,106,238,171,4.9,161,9450,7.2,0,103.9,69,8.86,0.03,2447,3999,11.93,14
30-09-2025 05:00,59,103,0.3,49,15,60,105,235,167,4.9,160,9450,7.2,0,103.9,75,8.96,0.05,2328,4248,11.71,14
30-09-2025 07:00,60,102,0.2,48,15,70,105,239,173,5.3,161,9450,7.5,0,103.9,52,9.1,0.06,2482,3928,11.92,14
30-09-2025 09:00,60,102,0.2,48,15,60,106,234,168,5.3,161,9450,7.2,0,103.9,58,9.06,0.09,2199,3854,11.58,14
30-09-2025 11:00,60,102,0.2,49,15,66,106,237,171,5.3,160,9450,7.2,0,103.9,83,9.05,0.03,2414,4056,11.63,14
30-09-2025 13:00,60,102,0.2,48,15.1,57,107,236,172,5.3,161,9450,7.2,0,103.9,43,8.78,0.04,2245,3951,11.72,14
30-09-2025 15:00,59,102,0.3,49,15,53,107,231,165,5,160,9450,7.2,0,103.9,44,8.83,0.06,2468,3676,11.95,14
30-09-2025 17:00,60,102,0.3,49,15,51,106,229,163,5,157,9450,7.1,0,103.9,90,8.93,0.05,2227,4084,11.83,14
30-09-2025 19:00,60,102,0.3,49,15,51,104,228,161,5,160,9450,7.1,0,103.9,65,8.8,0.06,2391,4068,11.57,14
30-09-2025 21:00,60,102,0.2,48,15.1,59,106,236,171,5,160,9450,7.1,0,103.9,75,8.41,0.08,2238,3944,11.79,14
30-09-2025 23:00,60,102,0.3,47,14.9,78,105,240,172,4.8,159,9450,7.1,0,103.9,65,8.62,0.06,2167,4089,11.86,14
01-10-2025 01:00,60,102,0.2,48,14.3,90,106,242,177,4.8,161,9450,7.2,0,103.9,40,8.76,0.03,2215,3935,11.93,14
01-10-2025 03:00,60,102,0.3,49,14.3,90,106,242,176,4.8,161,9450,7.2,0,103.9,52,8.76,0.08,2170,3751,11.8,14
01-10-2025 05:00,60,102,0.3,48,14,90,106,240,175,4.8,161,9450,7.2,0,103.9,52,8.75,0.07,2445,3511,11.72,14
01-10-2025 07:00,59,102,0.3,48,15,65,104,237,171,4.9,161,9450,7.2,0,103.9,56,8.74,0.07,2189,3924,11.87,Boiler1_Capacity_TPH
01-10-2025 09:00,60,102,0.2,49,15,58,103,234,166,4.9,161,9450,7.1,0,103.9,72,8.68,0.06,2401,3612,11.99,14
01-10-2025 11:00,60,102,0.2,49,14.9,61,104,235,168,4.9,160,9450,7.3,0,103.9,61,8.69,0.04,2449,3551,11.75,14
01-10-2025 13:00,60,102,0.3,49,15,66,105,237,171,4.9,161,9450,7,0,103.9,65,8.71,0.06,2314,3830,11.86,14
01-10-2025 15:00,59,102,0.3,48,15,60.5,104,234,167,4.8,161,9450,7,0,103.9,89,8.69,0.07,2269,3646,11.71,14
01-10-2025 17:00,60,102,0.2,49,15,47,105,229,163,4.8,161,9450,7.1,0,103.9,90,8.74,0.08,2410,3598,11.62,14
01-10-2025 19:00,59,102,0.3,50,14.9,41,103,220,150,4.8,154,9450,7.1,0,103.9,70,8.72,0.05,2228,4021,11.71,14
01-10-2025 21:00,60,102,0.3,49,15,45,102,226,157,4.8,154,9450,7.3,0,103.9,74,8.71,0.08,2202,4107,11.62,14
01-10-2025 23:00,60,102,0.3,49,15,48,103,227,158,5.2,157,9450,7.3,0,103.9,68,8.76,0.08,2187,4190,11.93,14
02-10-2025 01:00,60,102,0.3,49,15,50,101,224,153,5.2,155,9450,7.2,0,103.9,82,8.7,0.08,2432,4051,11.76,14
02-10-2025 03:00,59,102,0.3,48,15,47,103,227,158,5.2,154,9450,7,0,103.9,44,8.75,0.04,2312,3784,11.7,14
02-10-2025 05:00,60,102,0.2,49,15,56,103,230,159,5.2,156,9450,7.2,0,103.9,71,8.89,0.04,2145,3559,11.72,14
02-10-2025 07:00,59,102,0.2,48,14.9,57,102,232,162,4.8,156,9450,7.2,0,103.9,56,8.98,0.05,2489,4008,11.75,14
02-10-2025 09:00,59,102,0.2,48,15,89,104,243,176,4.8,153,9450,7.1,0,103.9,79,8.61,0.09,2440,3598,11.72,14
02-10-2025 11:00,60,102,0.2,47,14.7,89,104,243,176,4.8,153,9450,7.3,0,103.9,71,8.72,0.03,2462,3736,11.7,14
02-10-2025 13:00,60,103,0.3,49,14.9,58,104,232,163,4.8,152,9450,7.2,0,103.9,77,8.84,0.07,2150,3933,11.71,14
02-10-2025 15:00,59,102,0.3,49,15,80,106,242,176,4.9,152,9450,7,0,103.9,79,8.75,0.04,2338,3513,11.71,14
02-10-2025 17:00,60,102,0.2,49,14.9,88,107,242,176,4.9,156,9450,7.2,0,103.9,81,8.45,0.04,2444,3883,11.71,14
02-10-2025 19:00,60,103,0.4,48,15,72,106,240,156,4.9,156,9450,7.2,0,103.9,61,8.51,0.08,2111,4043,11.68,14
02-10-2025 21:00,60,102,0.3,48,15,60,104,235,168,4.9,153,9450,7.1,0,103.9,78,8.78,0.06,2331,4073,11.74,14
02-10-2025 23:00,60,102,0.2,41,15,68,105,239,172,4.6,157,9450,7.1,0,103.9,49,8.78,0.04,2136,3950,11.72,14
03-10-2025 01:00,60,104,0.4,48,15.3,73,105,242,176,4.6,158,9450,7.1,0,103.9,84,8.78,0.06,2107,3969,11.85,14
03-10-2025 03:00,60,102,0.2,49,15,60,104,234,166,4.6,155,9450,7.2,0,103.9,87,8.78,0.08,2478,4084,11.47,14
03-10-2025 05:00,60,102,0.3,49,15.1,54,105,233,167,4.6,158,9450,7.4,0,103.9,90,8.78,0.07,2172,3812,11.71,14
03-10-2025 07:00,60,104,0.4,48,15,65,104,238,171,4.9,160,9450,7.3,0,103.9,81,8.78,0.07,2279,3895,11.72,14
03-10-2025 09:00,60,102,0.2,48,15,49,105,228,163,4.9,156,9450,7,0,103.9,75,8.78,0.03,2294,3769,11.71,14
03-10-2025 11:00,59,102,0.2,49,15,38,103,220,152,4.9,152,9450,7.3,0,103.9,47,8.78,0.05,2492,4049,11.71,14
03-10-2025 13:00,60,102,0.3,48,15,52,103,230,162,4.9,152,9450,7.2,0,103.9,68,8.72,0.05,2177,4048,11.7,14
03-10-2025 15:00,59,102,0.2,48,14.9,47,103,226,157,5,151,9450,7.2,0,103.9,60,8.72,0.09,2213,4231,11.85,14
03-10-2025 17:00,60,102,0.2,47,14.9,36,101,218,145,5,151,9450,7.1,0,103.9,46,8.72,0.09,2469,3778,11.91,14
03-10-2025 19:00,60,102,0.3,49,15,35,102,217,145,5,147,9450,7.2,0,103.9,75,8.72,0.07,2349,4020,11.71,14
03-10-2025 21:00,60,102,0.2,47,14.9,39,101,220,148,5,150,9450,7.2,0,103.9,87,8.76,0.05,2352,4214,11.6,14
03-10-2025 23:00,60,102,0.3,47,15,32,100,216,144,4.8,150,9450,7.4,0,103.9,88,8.76,0.07,2345,3830,11.97,14
04-10-2025 01:00,60,102,0.3,48,14.9,32,99,217,143,4.8,147,9450,7.2,0,103.9,86,8.76,0.05,2467,4157,11.8,14
04-10-2025 03:00,60,102,0.3,49,14.9,44,100,222,150,4.8,148,9450,7.1,0,103.9,74,8.76,0.06,2145,3885,11.72,14
04-10-2025 05:00,59,102,0.3,48,15,29,98,215,141,4.8,149,9450,7.1,0,103.9,42,8.72,0.06,2222,3657,11.93,14
